coluna,tipo,ausentes_%,valores_distintos
avc,int64,0.0,2
idade,int64,0.0,66
faixa_etaria,categórica,0.0,5
sexo,str,0.0,2
cor_raca,str,0.01,5
uf,str,0.0,27
regiao,categórica,0.0,5
situacao,str,0.0,2
hipertensao,float64,0.0,2
diabetes,float64,0.0,2
peso,float64,0.12,124
altura,float64,0.12,76
imc,float64,0.13,3538
imc_categoria,categórica,0.13,4
tabagismo,categórica,0.0,3
alcool,categórica,0.0,3
atividade_fisica,float64,0.0,2
escolaridade,int64,0.0,7
escolaridade_grupo,categórica,0.0,4
renda_per_capita,float64,0.03,3972
faixa_renda,categórica,0.03,7
plano_saude,float64,0.0,2
peso_amostral,float64,0.0,42134
estrato,str,0.0,574
upa,str,0.0,8016
