,avc,idade,sexo_feminino,cor_nao_branca,rural,hipertensao,diabetes,imc,fumante_atual,ex_fumante,alcool,atividade_fisica,escolaridade,renda_per_capita,plano_saude
avc,1.0,0.11893079875151433,-0.006145868279686837,0.012817644877270279,-0.004418615024888792,0.12603367589227088,0.07883669630108829,0.001172768331419065,-0.0012407211638806818,0.04234721797947462,-0.06133083763957509,-0.04614390780132086,-0.07014484785247022,-0.018219455151211025,-0.020186436065717468
idade,0.11893079875151433,1.0,0.03293682338141175,-0.08195387006857612,0.01690211202053367,0.3129505512544418,0.18520655290578245,-0.08487254999653025,-0.037233580547770345,0.17230794794401408,-0.19157846927772745,-0.11329088078740758,-0.2874634664334951,0.1844490779717046,0.038000925217830966
sexo_feminino,-0.006145868279686837,0.03293682338141175,1.0,-0.01146832855064028,-0.12970392320080024,0.1085025290894976,0.04920253492809992,0.027156719667807066,-0.08229517150186313,-0.052327151554959574,-0.2521288091373701,0.015762099159335317,0.06135876353425977,-0.015086367833050118,0.05017796665163855
cor_nao_branca,0.012817644877270279,-0.08195387006857612,-0.01146832855064028,1.0,0.0825346160145388,0.004704361236683906,0.004030299142699114,-0.011041443502552943,0.044249461161187144,0.010705322687541064,-0.07141646561522948,-0.06867434171646145,-0.1899916905105593,-0.2659017851928177,-0.2064708504017572
rural,-0.004418615024888792,0.01690211202053367,-0.12970392320080024,0.0825346160145388,1.0,-0.024609006974565868,-0.03806476812019025,-0.09051450752675998,0.06260867424817246,0.021517179023795945,-0.05674619413478476,-0.16142418804980743,-0.3333700051471235,-0.23298779374655681,-0.23221932859226324
hipertensao,0.12603367589227088,0.3129505512544418,0.1085025290894976,0.004704361236683906,-0.024609006974565868,1.0,0.22715431418205415,0.17996874315235403,-0.07211000721276638,0.09418232207283526,-0.10112072924587613,-0.035230937657106366,-0.1141358041978315,0.03619480487671026,0.006504510632947528
diabetes,0.07883669630108829,0.18520655290578245,0.04920253492809992,0.004030299142699114,-0.03806476812019025,0.22715431418205415,1.0,0.09759273058965157,-0.047125369442951766,0.06690280830178737,-0.08633905884521832,-0.04395609310050483,-0.07500045018326244,0.016736168855265646,0.007211234205770306
imc,0.001172768331419065,-0.08487254999653025,0.027156719667807066,-0.011041443502552943,-0.09051450752675998,0.17996874315235403,0.09759273058965157,1.0,-0.11700951939838629,0.03450936057137374,0.029398816858479927,0.03934052415854126,0.07769614124852284,0.03990205393538303,0.041813590543922974
fumante_atual,-0.0012407211638806818,-0.037233580547770345,-0.08229517150186313,0.044249461161187144,0.06260867424817246,-0.07211000721276638,-0.047125369442951766,-0.11700951939838629,1.0,-0.2759819344709366,0.14599251509240838,-0.11304782941899916,-0.10817052555816208,-0.0857132128611875,-0.08789010672384329
ex_fumante,0.04234721797947462,0.17230794794401408,-0.052327151554959574,0.010705322687541064,0.021517179023795945,0.09418232207283526,0.06690280830178737,0.03450936057137374,-0.2759819344709366,1.0,0.11701402495361148,-0.0216462662263212,-0.09426859888450674,-0.011892794454481251,-0.029501688086316525
alcool,-0.06133083763957509,-0.19157846927772745,-0.2521288091373701,-0.07141646561522948,-0.05674619413478476,-0.10112072924587613,-0.08633905884521832,0.029398816858479927,0.14599251509240838,0.11701402495361148,1.0,0.13724918030655653,0.20930785913264932,0.16878280302362328,0.12838034009670113
atividade_fisica,-0.04614390780132086,-0.11329088078740758,0.015762099159335317,-0.06867434171646145,-0.16142418804980743,-0.035230937657106366,-0.04395609310050483,0.03934052415854126,-0.11304782941899916,-0.0216462662263212,0.13724918030655653,1.0,0.3011963433097639,0.21966814542971627,0.2069094706033493
escolaridade,-0.07014484785247022,-0.2874634664334951,0.06135876353425977,-0.1899916905105593,-0.3333700051471235,-0.1141358041978315,-0.07500045018326244,0.07769614124852284,-0.10817052555816208,-0.09426859888450674,0.20930785913264932,0.3011963433097639,1.0,0.4349869651741633,0.43215261022162976
renda_per_capita,-0.018219455151211025,0.1844490779717046,-0.015086367833050118,-0.2659017851928177,-0.23298779374655681,0.03619480487671026,0.016736168855265646,0.03990205393538303,-0.0857132128611875,-0.011892794454481251,0.16878280302362328,0.21966814542971627,0.4349869651741633,1.0,0.4806755377364746
plano_saude,-0.020186436065717468,0.038000925217830966,0.05017796665163855,-0.2064708504017572,-0.23221932859226324,0.006504510632947528,0.007211234205770306,0.041813590543922974,-0.08789010672384329,-0.029501688086316525,0.12838034009670113,0.2069094706033493,0.43215261022162976,0.4806755377364746,1.0
