variavel,categoria,total_%,sem_avc_%,com_avc_%,diferenca_pp
Faixa etária,40-49,31.93941296540484,32.60961633128469,11.66566825637049,-20.943948074914204
Faixa etária,50-59,30.084497975507595,30.35627586545251,21.8631791358599,-8.493096729592608
Faixa etária,60-69,21.382023114207417,21.251310051855125,25.3361113673864,4.084801315531276
Faixa etária,70-79,11.446355926685596,10.917111775589621,27.456064851354075,16.538953075764454
Faixa etária,80+,5.147710018194545,4.865685975818055,13.678976389029138,8.813290413211083
Sexo,Feminino,54.71081965145694,54.81435952452851,51.57872414026347,-3.235635384265045
Sexo,Masculino,45.28918034854307,45.185640475471494,48.42127585973654,3.235635384265045
Cor ou raça,Amarela,0.9926641302512067,0.9837604497472665,1.2619931063640417,0.2782326566167752
Cor ou raça,Branca,46.40172079216744,46.55145313660793,41.87244113065157,-4.679012005956359
Cor ou raça,Indígena,0.5156283322792696,0.5110610128620606,0.6537859696375267,0.14272495677546604
Cor ou raça,Parda,40.91619749859992,40.84118955987114,43.18512564906732,2.343936089196177
Cor ou raça,Preta,11.173789246702174,11.112535840911617,13.026654144279561,1.9141183033679443
Região,Norte,6.782266502920854,6.768354250142017,7.203114077739318,0.4347598275973015
Região,Nordeste,25.59136339409775,25.509027918222365,28.08202295114582,2.5729950329234548
Região,Sudeste,45.05489376495877,45.08748121573342,44.06911886235729,-1.0183623533761264
Região,Sul,15.284733374360728,15.337756879820146,13.68076498507782,-1.656991894742326
Região,Centro-Oeste,7.286742963661895,7.297379736082057,6.964979123679755,-0.332400612402302
Situação do domicílio,Rural,13.8362326842857,13.822883634886187,14.24004327881892,0.41715964393273275
Situação do domicílio,Urbana,86.16376731571431,86.17711636511382,85.75995672118108,-0.4171596439327345
Escolaridade,Sem instrução/Fund. incompleto,48.64126792680522,47.94339614836307,69.75198595073164,21.808589802368566
Escolaridade,Fund. completo/Médio incompleto,11.880275046309722,11.92382124282171,10.56299656625536,-1.3608246765663488
Escolaridade,Médio completo/Sup. incompleto,24.33258026281226,24.705921577693285,13.03895374200791,-11.666967835685375
Escolaridade,Superior completo,15.1458767640728,15.426861031121936,6.646063741005105,-8.78079729011683
Renda domiciliar per capita,Até 1/4 SM,5.745018578994155,5.786458895870375,4.491801433033668,-1.2946574628367067
Renda domiciliar per capita,1/4 a 1/2 SM,11.307397914106526,11.244691883152662,13.203722051328688,1.9590301681760263
Renda domiciliar per capita,1/2 a 1 SM,28.938288151024242,28.630411004838056,38.24895340492137,9.618542400083317
Renda domiciliar per capita,1 a 2 SM,30.244828959214065,30.295328681061473,28.717641860851927,-1.5776868202095464
Renda domiciliar per capita,2 a 3 SM,10.252075169002737,10.343582959549979,7.4847427558529604,-2.858840203697018
Renda domiciliar per capita,3 a 5 SM,7.200835598234525,7.295183279000067,4.347620658538171,-2.9475626204618965
Renda domiciliar per capita,Mais de 5 SM,6.311555629423744,6.40434329652739,3.5055178354732193,-2.898825461054171
Plano de saúde,Não,71.54424521472157,71.29025892800445,79.22736559078585,7.937106662781403
Plano de saúde,Sim,28.45575478527844,28.70974107199555,20.77263440921417,-7.937106662781378
Hipertensão (diagnóstico),Não,61.01515973649067,62.03910502112687,30.040672955927942,-31.99843206519893
Hipertensão (diagnóstico),Sim,38.98484026350933,37.96089497887313,69.95932704407207,31.99843206519894
Diabetes (diagnóstico),Não,87.14175810642459,87.57153470439853,74.14095645004673,-13.4305782543518
Diabetes (diagnóstico),Sim,12.858241893575403,12.428465295601477,25.85904354995328,13.430578254351804
IMC,Baixo peso,1.7172445153235263,1.64060664291549,4.031336153331551,2.390729510416061
IMC,Eutrófico,35.51759798377686,35.63898390586713,31.85233251574002,-3.7866513901271084
IMC,Sobrepeso,39.3558142868148,39.41472506962593,37.57699468224734,-1.837730387378592
IMC,Obesidade,23.40934321408481,23.30568438159144,26.539336648681104,3.2336522670896635
Tabagismo,Nunca fumou,53.899286308585495,54.29761106513091,41.849907214691136,-12.447703850439773
Tabagismo,Ex-fumante,32.636775732476686,32.30139776650668,42.78200568694719,10.480607920440505
Tabagismo,Fumante atual,13.463937958937827,13.400991168362408,15.36808709836168,1.9670959299992727
Consumo de álcool,Não bebe,63.48046172135917,62.895832662688804,81.16557177658245,18.26973911389365
Consumo de álcool,Menos de 1x/mês,10.707673126815394,10.82426052506574,7.180888170558172,-3.6433723545075685
Consumo de álcool,1x/mês ou mais,25.811865151825437,26.279906812245457,11.653540052859384,-14.626366759386073
Atividade física (3 meses),Não,63.467042915676814,63.00103089037224,77.5639712710904,14.562940380718153
Atividade física (3 meses),Sim,36.53295708432318,36.998969109627765,22.4360287289096,-14.562940380718164
