variavel,categoria,n,casos,populacao_estimada,prevalencia_%,ic95_inf_%,ic95_sup_%,erro_padrao_%
Faixa etária,40-49,16602,202,28930814.02574232,1.1687745448913756,0.930422030656242,1.4672830944776571,0.13583295041391177
Faixa etária,50-59,15657,371,27250626.58258532,2.3255120625104837,1.9234172668522158,2.809257957825322,0.22476173991624698
Faixa etária,60-69,12555,515,19367899.306142353,3.791745820967211,3.3160097631512913,4.332675462536703,0.2587027446306526
Faixa etária,70-79,7157,504,10368142.80043537,7.675719539968549,6.660740110247099,8.830731256135484,0.5523356117037803
Faixa etária,80+,3016,252,4662810.846152609,8.503301496820855,6.995304684553727,10.300377958115439,0.8397992163441977
Sexo,Feminino,29442,957,49557221.04995068,3.016792405187231,2.7165132703351547,3.349121231973483,0.16112160968446707
Sexo,Masculino,25545,887,41023072.51110729,3.4212894631506394,3.0577850500801342,3.8263010720555672,0.19569758415250216
Cor ou raça,Amarela,413,15,899130.3136852301,4.068329488910534,2.0592967096135633,7.879669516845834,1.3970370463767385
Cor ou raça,Branca,21737,667,42029516.832483776,2.8877238463356503,2.559555559515898,3.25656136731344,0.17742927809183615
Cor ou raça,Indígena,407,19,467043.23246769,4.057516446227702,2.1709120022146906,7.458650836123107,1.2808709899195936
Cor ou raça,Parda,26199,893,37060867.1861781,3.3775391080752155,3.0194018701585197,3.7765015330196707,0.19279118838070225
Cor ou raça,Preta,6225,250,10120938.51713724,3.730730453115052,3.071089894752105,4.5254404584294345,0.36905014286375293
Região,Norte,9390,326,6143396.908439009,3.3985486720414593,2.8520405814327012,4.045417846936051,0.3031042532190103
Região,Nordeste,18819,678,23180732.08865087,3.5114219394775095,3.1272425557076664,3.9408774851929214,0.20716480100938384
Região,Sudeste,13020,419,40810855.03592245,3.1299719767232204,2.711034369884245,3.6112452202064764,0.228961554788303
Região,Sul,7491,229,13844956.360520951,2.864181710772897,2.4068081538524906,3.4054385750854435,0.25362782612574075
Região,Centro-Oeste,6267,192,6600353.16752468,3.058682659025233,2.48509201164592,3.7595610767732617,0.32309915139995604
Situação do domicílio,Rural,12686,407,12532900.183217041,3.2933774262790836,2.845797846515402,3.8085915853618633,0.24486088785671886
Situação do domicílio,Urbana,42301,1437,78047393.37784092,3.184988921556379,2.9195909827830797,3.473648948296552,0.1411868514593425
Escolaridade,Sem instrução/Fund. incompleto,28821,1260,44059403.2799209,4.588806472053971,4.192118148991151,5.0210650411902815,0.21123394160079767
Escolaridade,Fund. completo/Médio incompleto,6021,190,10761188.01280846,2.8451731094212565,2.2608492944252943,3.574993450206508,0.3326653808163023
Escolaridade,Médio completo/Sup. incompleto,12239,256,22040522.633035403,1.7147571883233526,1.400461744907663,2.098086766174375,0.1768435817454088
Escolaridade,Superior completo,7906,138,13719179.635293208,1.404164973525641,1.07944638221003,1.8247633596528232,0.1880889544390449
Renda domiciliar per capita,Até 1/4 SM,4077,116,5202415.38048962,2.502633769032234,1.8806992370649231,3.323271881871991,0.3635836677103783
Renda domiciliar per capita,1/4 a 1/2 SM,6669,212,10239441.35476814,3.7376780191078716,2.946253340769436,4.731331932143873,0.4517996154282969
Renda domiciliar per capita,1/2 a 1 SM,16530,728,26205136.378912706,4.2307260823133355,3.7350923503477462,4.7888569013905675,0.26824769916727714
Renda domiciliar per capita,1 a 2 SM,14855,478,27388277.54761439,3.039245839064584,2.6364464734587205,3.501372264207889,0.21999791314837452
Renda domiciliar per capita,2 a 3 SM,5243,136,9283791.30681482,2.3368631773688944,1.808381068620955,3.015046825173559,0.3048138539113239
Renda domiciliar per capita,3 a 5 SM,3868,96,6520733.9808449,1.9325775782567909,1.4207407188018564,2.623901012190855,0.30254230960715134
Renda domiciliar per capita,Mais de 5 SM,3731,78,5715444.36799346,1.7778043118533993,1.2651343664039008,2.4929778148258497,0.3077288543887655
Plano de saúde,Não,41797,1487,64804987.34153796,3.543631562220502,3.2579656504728534,3.853347632579656,0.15173097438832267
Plano de saúde,Sim,13190,357,25775306.219520006,2.3359821516153167,1.967500512064904,2.771523521519033,0.20420321767871835
Hipertensão (diagnóstico),Não,33715,523,55267710.806061685,1.575505620489311,1.3539325262814015,1.832665825166279,0.1216903401784183
Hipertensão (diagnóstico),Sim,21272,1321,35312582.754996285,5.742459174237915,5.2774611112780665,6.2457267895190025,0.2467847948246435
Diabetes (diagnóstico),Não,48166,1358,78933260.30706643,2.722575416576213,2.4841762098116456,2.983153219175765,0.12713227249686426
Diabetes (diagnóstico),Sim,6821,486,11647033.25399154,6.435449965430006,5.605202935602727,7.3790604478433925,0.4514773180457972
IMC,Baixo peso,976,49,1552747.77927322,7.525404911638844,4.867357161947374,11.460142860897097,1.647712092127036
IMC,Eutrófico,20286,662,32115328.30782596,2.8748199546198245,2.5312860904545187,3.2634155600893675,0.18632536358076496
IMC,Sobrepeso,21584,704,35585877.66042623,3.060737876390834,2.700239653759601,3.4676495286149285,0.19532225273882223
IMC,Obesidade,12072,429,21166936.54605544,3.634241903336101,3.1027947162023057,4.2527203967307585,0.29231828252884007
Tabagismo,Nunca fumou,29563,799,48822131.76563186,2.4846174837265846,2.1970350602545605,2.808762145304836,0.1557008756813363
Tabagismo,Ex-fumante,17963,799,29562487.26734151,4.194710045106147,3.7499370990763703,4.689666310668364,0.2393145045313934
Tabagismo,Fumante atual,7461,246,12195674.5280846,3.652546584043358,2.9515350788665287,4.512312248070825,0.39563118392688496
Consumo de álcool,Não bebe,36074,1499,57500788.58112217,4.091474300617091,3.7503605349103575,4.4621756657393385,0.1813957438328424
Consumo de álcool,Menos de 1x/mês,5939,122,9699041.7518279,2.1460068828449277,1.6110762551392912,2.853401133690634,0.3130196439167623
Consumo de álcool,1x/mês ou mais,12974,223,23380463.2281079,1.4447294898795113,1.1655650566427191,1.7895459347865128,0.15803699404564886
Atividade física (3 meses),Não,36180,1430,57488633.78754271,3.9107479381538774,3.5858649354421313,4.263763965881625,0.1727523704095741
Atividade física (3 meses),Sim,18807,414,33091659.77351526,1.965211119876317,1.6831490207969542,2.293438562737051,0.15511634940598687
