variavel,categoria,n,casos,populacao_estimada,prevalencia_%,ic95_inf_%,ic95_sup_%,erro_padrao_%,sexo
faixa_etaria,40-49,7958,77,13107274.53437866,1.029649928157224,0.7320665511664312,1.4464376513887334,0.178907940169595,Masculino
faixa_etaria,50-59,7394,177,13014110.34853795,2.4238404701947815,1.8551412318801912,3.161260800398279,0.3296691919202467,Masculino
faixa_etaria,60-69,5802,274,8576741.45561273,4.362356012186221,3.652806280371843,5.2022921607353245,0.39359572127802234,Masculino
faixa_etaria,70-79,3178,253,4471863.49448707,9.007971251655002,7.296153110341147,11.073440897710745,0.9593321898194588,Masculino
faixa_etaria,80+,1213,106,1853082.6780908802,9.505542766128611,6.975559113443413,12.826609259303293,1.4791746254429394,Masculino
faixa_etaria,40-49,8644,125,15823539.491363661,1.2840170636097699,0.9493754988189561,1.734549468693252,0.19745569454997233,Feminino
faixa_etaria,50-59,8263,194,14236516.234047372,2.235626536658371,1.7517703906089785,2.8492526892145866,0.2774784891183844,Feminino
faixa_etaria,60-69,6753,241,10791157.850529619,3.3382285849290962,2.753411601464424,4.0420960853244665,0.32701136140440296,Feminino
faixa_etaria,70-79,3979,251,5896279.3059483,6.665311537595195,5.488727953366134,8.072569042482506,0.6562172035697876,Feminino
faixa_etaria,80+,1803,146,2809728.1680617305,7.842299497932388,6.094003756420622,10.038542838807194,0.999355469044488,Feminino
