variavel,categoria,referencia,prevalencia_%,razao
Faixa etária,80+,40-49,8.503301496820855,7.275399292351239
Faixa etária,70-79,40-49,7.675719539968549,6.56732264876792
Hipertensão (diagnóstico),Sim,Não,5.742459174237915,3.6448357273739567
Escolaridade,Sem instrução/Fund. incompleto,Superior completo,4.588806472053971,3.2679966802847873
Faixa etária,60-69,40-49,3.791745820967211,3.2442063677213393
IMC,Baixo peso,Eutrófico,7.525404911638844,2.6176960750343854
Renda domiciliar per capita,1/2 a 1 SM,Mais de 5 SM,4.2307260823133355,2.3797479025701724
Diabetes (diagnóstico),Sim,Não,6.435449965430006,2.3637361618151007
Renda domiciliar per capita,1/4 a 1/2 SM,Mais de 5 SM,3.7376780191078716,2.102412506363685
Escolaridade,Fund. completo/Médio incompleto,Superior completo,2.8451731094212565,2.026238485551642
Atividade física (3 meses),Não,Sim,3.9107479381538774,1.9899887083887482
Faixa etária,50-59,40-49,2.3255120625104837,1.9897011555180764
Renda domiciliar per capita,1 a 2 SM,Mais de 5 SM,3.039245839064584,1.709550268722267
Tabagismo,Ex-fumante,Nunca fumou,4.194710045106147,1.688271966441554
Plano de saúde,Não,Sim,3.543631562220502,1.5169771565977521
Tabagismo,Fumante atual,Nunca fumou,3.652546584043358,1.470063946650267
Cor ou raça,Amarela,Branca,4.068329488910534,1.4088360609941986
Renda domiciliar per capita,Até 1/4 SM,Mais de 5 SM,2.502633769032234,1.4077104844138804
Cor ou raça,Indígena,Branca,4.057516446227702,1.4050915745896022
Renda domiciliar per capita,2 a 3 SM,Mais de 5 SM,2.3368631773688944,1.314465918317334
Cor ou raça,Preta,Branca,3.730730453115052,1.2919277090325403
IMC,Obesidade,Eutrófico,3.634241903336101,1.2641633078606846
Escolaridade,Médio completo/Sup. incompleto,Superior completo,1.7147571883233526,1.2211935354133372
Cor ou raça,Parda,Branca,3.3775391080752155,1.1696198417175907
Sexo,Masculino,Feminino,3.4212894631506394,1.1340818338271785
Região,Nordeste,Sudeste,3.5114219394775095,1.121870088803041
Renda domiciliar per capita,3 a 5 SM,Mais de 5 SM,1.9325775782567909,1.0870586629650127
Região,Norte,Sudeste,3.3985486720414593,1.0858080191501946
IMC,Sobrepeso,Eutrófico,3.060737876390834,1.0646711532220445
Situação do domicílio,Rural,Urbana,3.2933774262790836,1.0340310460702449
Região,Centro-Oeste,Sudeste,3.058682659025233,0.9772236562409673
Região,Sul,Sudeste,2.864181710772897,0.915082221845136
Consumo de álcool,Menos de 1x/mês,Não bebe,2.1460068828449277,0.5245069931201227
Consumo de álcool,1x/mês ou mais,Não bebe,1.4447294898795113,0.353107311382015
