,ausentes_n,ausentes_%,sem_avc_%,com_avc_%
imc,69,0.12548420535762997,0.12983836064956816,0.0
peso,68,0.12366559368578028,0.1279566452778353,0.0
altura,68,0.12366559368578028,0.1279566452778353,0.0
renda_per_capita,14,0.02546056340589594,0.0263440152042602,0.0
cor_raca,6,0.01091167003109826,0.01129029223039723,0.0
regiao,0,0.0,0.0,0.0
sexo,0,0.0,0.0,0.0
idade,0,0.0,0.0,0.0
diabetes,0,0.0,0.0,0.0
hipertensao,0,0.0,0.0,0.0
situacao,0,0.0,0.0,0.0
tabagismo,0,0.0,0.0,0.0
alcool,0,0.0,0.0,0.0
atividade_fisica,0,0.0,0.0,0.0
escolaridade,0,0.0,0.0,0.0
plano_saude,0,0.0,0.0,0.0
